cdrafts-split/C10DeployedCapstone.ec::EUFCMA_SPHINCS_PLUS_C10_AT_DEPLOYED_PARAMS	5bd600cb2661b4af2426525bb72e4058
cdrafts-split/SphincsC10CapstoneCharged.ec::EUFCMA_SPHINCS_PLUS_C10_CHARGED	630f6d5487a3f8ed7a5b69313d5c994d
cdrafts-split/SphincsC10CapstoneWired.ec::EUFCMA_SPHINCS_PLUS_C10_GROUNDED	4649eba5761382549d106f45db91e372
op:base-c10-split/FL_SL_XMSS_MT_ES.ec::dist_adrstypes	cc76465f16416ff7a5b888c4b46f1046
op:base-c10-split/FL_SL_XMSS_MT_ES.ec::valid_xidxvals_idxvals	b7c96b97697e579f3799edca3503d8a9
op:base-c10-split/FORS_ES.ec::A_forge_ll	64168c943fbe63c0f79d0e1f183a3b6a
op:base-c10-split/FORS_ES.ec::dist_adrstypes	507e2f3f67d47b2cdbfcd82943b605e9
op:base-c10-split/FORS_ES.ec::valid_fidxvals_idxvals	d99095f6640c59e19678b9e99eaaac50
op:base-c10-split/OpenPRE_From_TCR_DSPR_THF.eca::A_find_ll	2e5851717a96f4e136c7c4a4760926f2
op:base-c10-split/OpenPRE_From_TCR_DSPR_THF.eca::A_pick_ll	316ce56539c770d115bb0aaa146eea2b
op:base-c10-split/SPHINCS_PLUS.ec::a_val	b5d50d588c647c5d256cf359a7b27f87
op:base-c10-split/SPHINCS_PLUS.ec::d_val	ab1e22c59e34eef998668d483fa574bc
op:base-c10-split/SPHINCS_PLUS.ec::dist_adrstypes	4771bc3aa3cfc820d2466702e343b07f
op:base-c10-split/SPHINCS_PLUS.ec::hp_val	eb6c42390d377908ee01a4377036f841
op:base-c10-split/SPHINCS_PLUS.ec::k_val	f7d8e6da0a0f339efdb769d98cac140e
op:base-c10-split/SPHINCS_PLUS.ec::len_val	123fd6b5372abf8bd0b02488d336b037
op:base-c10-split/SPHINCS_PLUS.ec::log2_w_val	73181d382641ea9015b0cfac7a2da44e
op:base-c10-split/SPHINCS_PLUS.ec::n_val	bab2b36dc257c67dc13cae587bfba63a
op:base-c10-split/TweakableHashFunctions.eca::in_collection	ec5009b683b2ce666936f5b5eecfb5b3
op:base-c10-split/WOTS_TW_ES.ec::A_choose_ll	9859a6177db6222457d12a1e5775866f
op:base-c10-split/WOTS_TW_ES.ec::A_forge_ll	9078dedf211bd74956d398ff977910d0
op:base-c10-split/WOTS_TW_ES.ec::P	fe55dd1ef00e83fb56cad1c1c8bb2308
op:base-c10-split/WOTS_TW_ES.ec::ch0	82ac047b9b1dbbd5785c1d7596997374
op:base-c10-split/WOTS_TW_ES.ec::chS	6f30980abfbfe7f7f058376c5682fd0c
op:base-c10-split/WOTS_TW_ES.ec::digitsum	942164f556ab27e70a2fbd63f211e98a
op:base-c10-split/WOTS_TW_ES.ec::encode_msgWOTS	b9f23f1e5e7d624b92b1f34c3f76d767
op:base-c10-split/WOTS_TW_ES.ec::join_dgst	b8149d5b650400ca2ee9d2076b6a9ed4
op:base-c10-split/WOTS_TW_ES.ec::n_m	4af34eb5ba11ca9674617cdecafdc674
op:base-c10-split/WOTS_TW_ES.ec::target_sum	76d788172bb44f06e8db103b77c52475
op:base-c10-split/WOTS_TW_ES.ec::tgt_witness	5fc3507fdb5b311730fa47801c3bd966
op:base-c10-split/WOTS_TW_ES.ec::valid_widxvals_idxvals	4237fcb1ca8ed2d9dba2737f42d2e62d
op:cdrafts-split/C10DeployedInstance.ec::c10_k	dea7b37861baa7dadd26ee4dd2928a52
op:cdrafts-split/C10DeployedInstance.ec::c10_len	018ab5f0ded493f86bfd51d3df8c721f
op:cdrafts-split/C10DeployedInstance.ec::c10_n	4c160488222a666174e86c7487a78ce7
op:cdrafts-split/C10DeployedInstance.ec::c10_r	61d42b48905338fec9b497dc9be54cb9
op:cdrafts-split/FORS_C10.ec::dmkey_ll	015d646e38e758b5e8de7c41b30ab166
op:cdrafts-split/FORS_C10.ec::eqiks_g	16b8472573f690f8ed293541f026998f
op:cdrafts-split/FORS_C10.ec::good_pos	cc486efb3978b3a2987aa6a5f756def2
op:cdrafts-split/FORS_C10.ec::neqisvs_g	fccec9e2eb4fe3551bd80a7a38d32844
op:cdrafts-split/FORS_C10.ec::rng_g	50d5c8caa806b16fb19c80fbbd7ba1d9
op:cdrafts-split/FORS_C10.ec::size_g	3af59a67e74304b0ddeeb6f5888eb9e0
op:cdrafts-split/FORS_C10.ec::uniq_g	312d92badbe522216cece323b499c735
op:cdrafts-split/STCR_C.ec::dpp_ll	951421efe7cd3b443190d2535b7e8855
op:cdrafts-split/WOTS_C_Real.ec::ThC	186da9998320a0e8066351cbf710d89a
op:cdrafts-split/WOTS_C_Real.ec::emb_in	7fe3541382ed3df97047978e2f7d3943
op:cdrafts-split/WOTS_C_Real.ec::emb_in0	5ed94536c6c97215706c7dbdd71599c7
op:cdrafts-split/WOTS_C_Real.ec::emb_in1	a8c773c14b498dc3ea771864bbbe7094
op:cdrafts-split/WOTS_C_Real.ec::emb_tw	d1f13099b62ef240723195ef707528b6
op:cdrafts-split/WOTS_C_Real.ec::predC	68813dccd39048d6d08e8635b84ad21d
base-c10-split/WOTS_TW_ES.ec::nhchwcoll_hchwpre_msg	03628641e003721058af3e8110b2db24
cdrafts-split/C10DeployedCapstone.ec::EUFCMA_SPHINCS_PLUS_C10_AT_DEPLOYED_PARAMS_PINNED_ENCODER	0458787fbaa4ccc6fd7d9fc62c39773e
cdrafts-split/C10DeployedCapstone.ec::c10_deployed_STCR_premises_hold	a935072fe5917bab452498c5d88a0109
cdrafts-split/C10DeployedInstance.ec::c10_deployed_encoder_meets_model	b24fd3b56800d450ebf046c9614f44d2
cdrafts-split/C10DeployedInstance.ec::c10_deployed_encoder_gives_width	bbe9f89800d5dc7d12059cb1cfcac8a1
cdrafts-split/C10DeployedCapstone.ec::EUFCMA_SPHINCS_PLUS_C10_CONTENTFUL_AT_DEPLOYED_ENCODER	6bcc73a472b37c7e963c29e3f9e0a779
cdrafts-split/GprocFORSC10.ec::Gproc_uncovered_gives_witness	77ace8bea1813e146160d8fd5f040cb3
cdrafts-split/GprocFORSC10.ec::GprocKg_sk_eq	a226ca66356c908846e4c96fc7533b14
cdrafts-split/C10DeployedCapstone.ec::c10_dfC_separations_from_width_alone	e56f1e42f3af59c9793c387e896b47f4
cdrafts-split/C10DeployedCapstone.ec::c10_embg_not_constant	2fe434ad43c6cc73ace18a033b5bda07
cdrafts-split/C10DeployedCapstone.ec::c10_deployed_encoder_not_constant	7fae22b0015729bc40151e0995935a56
op:cdrafts-split/GprocFORSC10.ec::pkfors_of	6bbaa54458976927b7ca061773c3ad3b
cdrafts-split/GprocFORSC10.ec::genpkfors_cf_op	aa4ceafb28a7f1b11c6134220ee70b6a
cdrafts-split/GprocFORSC10.ec::MM45_keygen_pk_from_sk	d33e1cf76a5a60d89a41426060672ffd
cdrafts-split/GprocFORSC10.ec::Gproc_keygen_pk_from_sk	92ba88affc78d87502d93028e5c9def1
cdrafts-split/GprocFORSC10.ec::pk_pools_eq	d1b55c89a61d2c19ddb58775e8124656
cdrafts-split/GprocFORSC10.ec::GprocKg_keygen_eq	be111bffff3a01e469c3e8f50064f9ab
# --- FORS_C_TreePort, admitted to the closure 2026-08-04 (run 23) -------------
# 1733 lines of tree-layer reduction that were in NEITHER closure until now, so
# every "proved" claim in the file was checked by its own prose and nothing else.
# Pinned here so the file's status -- especially WHICH parts are real and which
# is admitted -- cannot drift.
#
# extract_op is THE admit (census row admit:3b102492d8ec).  Its four
# un-discharged parts (R-KEY, R-SIM, actual-oracle R-INDEX, R-OPEN) need an
# UPSTREAM interface change (exposed randomized leaf keygen), not more proof.
# extract_trh / extract_trco are real byequivs; op_preimage_core and
# op_extract_wins are the two genuinely proved halves of the OpenPRE branch.
# fors_c_tree_port is the top-level bound they assemble into -- it is a bound on
# EUF_CMA_FORSC_I, NOT on EUF_CMA_Gproc_I, so it does not bound Q.
cdrafts-split/FORS_C_TreePort.ec::fors_c_tree_port	a06a38702aed06d54aa243c71061d470
cdrafts-split/FORS_C_TreePort.ec::extract_op	07220b0a14b5f74aff8bf16edccff966
cdrafts-split/FORS_C_TreePort.ec::extract_trh	a0d4f5c57fe570535502f56acd0a1733
cdrafts-split/FORS_C_TreePort.ec::extract_trco	f27e4957dc71c598129eb393c4ea277f
cdrafts-split/FORS_C_TreePort.ec::instr_eq	a7cb3d56fdb2053e03572ee13c1862fe
cdrafts-split/FORS_C_TreePort.ec::op_preimage_core	0c318dbf51965a0c115d4f82aa18d34c
cdrafts-split/FORS_C_TreePort.ec::op_extract_wins	ce5b5ae8e1ab95d9918efb9d0481b74c
cdrafts-split/FORS_C_TreePort.ec::trh_collision_at_div	6baadd44c2f4c0a2a4a47ffdb99005e6
cdrafts-split/FORS_C_TreePort.ec::op_win_satisfiable	97acef007c041e20ef5f4b87aeacd40d
# --- option (a): the instrumented three-flag Gproc game (run 24) --------------
# gproc_Q_decomposition is the deliverable: Q (the unreduced bad-event term in
# EUFCMA_SPHINCS_PLUS_C10_GROUNDED) EQUALS three named terms over the
# instrumented game.  Pinned because the decomposition is only as meaningful as
# the FLAG DEFINITIONS it splits on -- the algebra would hold for constant flags,
# so a silent edit to EUF_CMA_Gproc_V's ghost block would hollow these out while
# leaving them provable.  The module body is separately pinned by the census
# (module:fbc0ec28fb21).  NONE of these bounds Q.
cdrafts-split/GprocFORSC10.ec::gproc_V_eq	433196c21382dfdc9a92b8b4995c2127
cdrafts-split/GprocFORSC10.ec::gproc_V_split	22e700d9eaca1b7073af0c03a3079289
cdrafts-split/GprocFORSC10.ec::gproc_Q_decomposition	0ef81d5067032e8dd67b7f70909ea8e3
# --- GprocVI: the V->VI hop, admitted to the closure 2026-08-05 (run 26) ----
# gproc_V_VI_eq is the deliverable: Pr over Gproc_V = Pr over Gproc_VI for the
# T3 event.  MM45 proves its TRH/TRCO branches over _VI, not _V, so without this
# hop the T3 reduction byequiv has no alignable left-hand side.  The chain below
# it is pinned too because the hop is only as good as the Merkle equivalence and
# the keygen correspondence it rests on.
cdrafts-split/GprocVI.ec::gproc_V_VI_eq	481b10689ee47e4e0586c406758796d8
cdrafts-split/GprocVI.ec::gprockg_vi_eq	ca9e2b0b553d0090d7bce0d047644154
cdrafts-split/GprocVI.ec::gprockg_vi_sk_eq	23212732cc23c4a58c59421cef8d49c2
cdrafts-split/GprocVI.ec::GprocKgVI_pk_from_sk	b0bc95f2b2f9b0597feaaa1b3749b510
cdrafts-split/GprocVI.ec::GprocTreeVI_root_h	603dacda7f5b19cbc7e8dac55f10a6cf
cdrafts-split/GprocVI.ec::GprocTreeVI_root_ll	7fec0c632cc428706dd367b43169d86d
cdrafts-split/GprocVI.ec::pkfors_of_from_roots	302ab305ea54372d8b3c1e62147611dd
cdrafts-split/GprocVI.ec::cube_is_mkseq	aba73ce2f8a5251bdf536e3d94a89a93
cdrafts-split/GprocVI.ec::size_cube	9ceedab53dc7d176b235cacf736be443
cdrafts-split/GprocT1Opre.ec::t1_term_pinned	035f68ac5444410cf5eab899c11a903d
cdrafts-split/GprocT1Opre.ec::t1_opre_bound	1666e83512d975fa2c69aabd2b1f6e02
cdrafts-split/GprocT1Opre.ec::Eqv_OCMA_sign	b4fc971e6349efef59372667541bd220
cdrafts-split/GprocT2Trh.ec::t2_trh_bound	ceea05ba6fa283d24fe81ed7baba5e4d
cdrafts-split/GprocT2Trh.ec::t2_trh_bound_VI	0a691522b51b844f64ae524302228a9b
cdrafts-split/GprocT3Trco.ec::t3_trco_bound	d154db53959e58ee005c0ec57288c8a4
cdrafts-split/GprocT3Trco.ec::t3_trco_bound_VI	76a240c0cb1eeb54084eb044656006a3
cdrafts-split/GprocQBound.ec::gproc_Q_bound	b86f78592fd3c07437a7a055e9475ee4
cdrafts-split/GprocQWired.ec::EUFCMA_SPHINCS_PLUS_C10_QWIRED	8d3a836ef71f3cb941fcfdbe5348e781
cdrafts-split/GprocQWired.ec::qwired_at_witness	589a29228413259cb52b0d634bb3ee05
cdrafts-split/GprocQWired.ec::EUFCMA_SPHINCS_PLUS_C10_AT_DEPLOYED_PARAMS_QWIRED	64f7c7d50453517aace808d97230f911
cdrafts-split/GprocQWired.ec::EUFCMA_SPHINCS_PLUS_C10_AT_DEPLOYED_PARAMS_PINNED_ENCODER_QWIRED	b84b033f504cc96062289d604f2d99be
cdrafts-split/GprocQWired.ec::deployed_qwired_at_witness	a70156a3efc5ad332591cd5eefa0021f
cdrafts-split/DarkSide.ec::ds_ge_1t	30c7048624261f6170e3aa0c381d1e1b
cdrafts-split/DarkSide.ec::forsc_le_fors	149a4c3c47fff9c7a1c928ccc10e5d43
cdrafts-split/DarkSide.ec::cover_all_pr	46259369ce3168d1a64f1c84911bff25
cdrafts-split/DarkSide.ec::cover_some_le	3a7a7c072842b7e32a3e36b81812bacc
cdrafts-split/DarkSide.ec::ds_le_linear	f6d6b492990c65aca24dc5c3e61f8c2b
cdrafts-split/DarkSideC10.ec::c10_ds_ge_1t	eeaa76b8d9c8fd39c257ffc1964d5588
cdrafts-split/DarkSideC10.ec::c10_forsc_le_fors	8ef97e2cd27b93997513a9c4670d9652
cdrafts-split/DarkSide.ec::mixture_le_moment	464ad56df8ab57d55e0c23b25a13eb23
cdrafts-split/DarkSide.ec::mixture_le_moment_finite_ex	0ac2baaf163e806d0a3ad4905121d50d
cdrafts-split/GprocChargedQWired.ec::EUFCMA_SPHINCS_PLUS_C10_CHARGED_QWIRED	b1ac3dd439cda438df8627fcb47bcf62
cdrafts-split/GprocChargedQWired.ec::charged_qwired_at_witness	d2e768c10d18a584875d479fb6421c56

# --- C10DeployedScope (promoted 2026-08-19 from experiments/ptgts-pin/PTgtsPin.ec) ---
# The DEPLOYED-SCOPE facts.  Pinned because their VALUE is entirely in what they
# say: a name-only check would let `! (c <= c10_q_s)` be weakened to `true` and
# every other phase would still pass.  Note c10_q_s (= MAX_SLOT_USES) appears
# ONLY in conclusions here -- it is never a hypothesis, and nothing certified
# requires this file, so the deployment cap is NOT imported into the model.
cdrafts-split/C10DeployedScope.ec::c10_c_closed	25874a8bd9dc44a61be1012d7319cc3c
cdrafts-split/C10DeployedScope.ec::c10_p_tgts_is_least	eb6975a4ded06381d60f76456cec64cf
cdrafts-split/C10DeployedScope.ec::c10_c_le_p_tgts_at_pin	614a85247d5086e5ec360152660adfe5
cdrafts-split/C10DeployedScope.ec::c10_usage_cap_is_not_admissible_as_p_tgts	87f6ef81e556ff2ba8c9546876754084
cdrafts-split/C10DeployedScope.ec::c10_ht_capacity	741b506a042b203b9085d892ef00086a
cdrafts-split/C10DeployedScope.ec::c10_ht_capacity_vs_usage_cap	185df70ae6f1284ffa4e9cd9a3ed2fdc
# --- C10DeployedScope: FULL declaration coverage (2026-08-19) ---
# The six scope pins added on promotion covered 6 of 18 lemmas and 0 of 6
# ops -- so twelve statements and every op VALUE were unpinned inside the
# very file that quarantines the deployment cap.  A value swap
# (op c10_p_tgts : int = 262656 -> 65536) moved NO pin.  Now every
# declaration in that file is pinned; PHASE 1g additionally makes adding
# or removing one fatal.
cdrafts-split/C10DeployedScope.ec::c10_pow2_9	e55dd93932a03c64b2e067612a2ce39e
cdrafts-split/C10DeployedScope.ec::c10_pow2_18	cbfc4c13d4867b794c5fea9fa6a1f267
cdrafts-split/C10DeployedScope.ec::c10_geometry_pinned_in_base	f8daefeeaebd48da2e980b5ec147c83f
cdrafts-split/C10DeployedScope.ec::c10_c_is_two_powers	ec387afc850d76b8946197908371d0e8
cdrafts-split/C10DeployedScope.ec::c10_c_is_leaves_plus_toptree	9ebdacdfcd6a88439281dfcd21397168
cdrafts-split/C10DeployedScope.ec::c10_p_tgts_admissible	4e800323c44e81d464c23f4fad708ca4
cdrafts-split/C10DeployedScope.ec::c10_p_tgts_dominates_c	573f1d498edfecf068c304878f3b7b23
cdrafts-split/C10DeployedScope.ec::c10_p_tgts_is_exactly_c	dec643cbc79a4468c699a107670349bb
cdrafts-split/C10DeployedScope.ec::c10_pin_respects_ge0_ptgts	6f7b3a01e716f90fe00e6c1d58c55451
cdrafts-split/C10DeployedScope.ec::c10_usage_cap_below_c	8656fbd9f3371ebc415f7b949558edb8
cdrafts-split/C10DeployedScope.ec::c10_layers_times_usage_cap_below_c	16649d8a662ec2a9d52d280664e9fa31
cdrafts-split/C10DeployedScope.ec::c10_distinct_instances_under_usage_cap	253bed4bb4803b74ba6d0126c42841ce
op:cdrafts-split/C10DeployedScope.ec::c10_hp	ea32435467d935dbb5cebb92366ddb68
op:cdrafts-split/C10DeployedScope.ec::c10_d	5144b78f4f841381926e974c0479777d
op:cdrafts-split/C10DeployedScope.ec::c10_h	1cb5b6e046243f4e925a1476aa0fef25
op:cdrafts-split/C10DeployedScope.ec::c10_c	6e4556d7fb1382d9011b615dae7896b2
op:cdrafts-split/C10DeployedScope.ec::c10_p_tgts	403f6508dc2d65c5efd5984ed2e66a93
op:cdrafts-split/C10DeployedScope.ec::c10_q_s	775acb6fd903a15ed87c995969a12ff4
